name,classification,grades_average,grades_between_0_2_5,grades_between_2_5_5,grades_between_5_7_5,grades_between_7_5_10,grades_below_5,grades_below_mean,grades_above_mean,important_activities_complete_below_average,important_activities_incomplete,important_activities_incomplete_below_average,important_grades_below_mean,activities_complete_below_average,activities_incomplete,activities_incomplete_below_average,attendance_below_mean,missing,partial_presence,amount_sequencial_missing,sequencial_missing_1
Aluno 32,negative,3.776190476190476,47.61904761904761,9.523809523809524,19.047619047619047,23.809523809523807,57.14285714285714,28.57142857142857,71.42857142857143,0.0,0.0,0.0,0.0,4.761904761904762,47.61904761904761,33.33333333333333,13.513513513513514,5.405405405405405,8.108108108108109,0,2
Aluno 41,negative,6.504761904761905,33.33333333333333,0.0,0.0,66.66666666666666,33.33333333333333,4.761904761904762,95.23809523809523,0.0,0.0,0.0,0.0,4.761904761904762,33.33333333333333,33.33333333333333,2.7027027027027026,2.7027027027027026,0.0,0,1
Aluno 36,negative,4.980952380952381,42.857142857142854,4.761904761904762,9.523809523809524,42.857142857142854,47.61904761904761,19.047619047619047,80.95238095238095,0.0,0.0,0.0,0.0,0.0,42.857142857142854,38.095238095238095,10.81081081081081,5.405405405405405,5.405405405405405,0,2
Aluno 13,negative,5.957142857142857,38.095238095238095,0.0,4.761904761904762,57.14285714285714,38.095238095238095,9.523809523809524,90.47619047619048,0.0,0.0,0.0,0.0,0.0,38.095238095238095,38.095238095238095,2.7027027027027026,2.7027027027027026,0.0,0,1
Aluno 19,negative,1.9952380952380953,71.42857142857143,14.285714285714285,0.0,14.285714285714285,85.71428571428571,57.14285714285714,42.857142857142854,0.0,0.0,0.0,0.0,0.0,66.66666666666666,38.095238095238095,18.91891891891892,13.513513513513514,5.405405405405405,0,5
Aluno 38,negative,6.114285714285715,38.095238095238095,0.0,0.0,61.904761904761905,38.095238095238095,9.523809523809524,90.47619047619048,0.0,0.0,0.0,0.0,0.0,38.095238095238095,38.095238095238095,2.7027027027027026,2.7027027027027026,0.0,0,1
Aluno 34,negative,3.8333333333333335,52.38095238095239,0.0,23.809523809523807,23.809523809523807,52.38095238095239,33.33333333333333,66.66666666666666,0.0,0.0,0.0,0.0,0.0,52.38095238095239,38.095238095238095,2.7027027027027026,2.7027027027027026,0.0,0,1
Aluno 2,negative,1.1238095238095238,85.71428571428571,4.761904761904762,4.761904761904762,4.761904761904762,90.47619047619048,61.904761904761905,38.095238095238095,0.0,0.0,0.0,0.0,0.0,76.19047619047619,38.095238095238095,16.216216216216218,8.108108108108109,8.108108108108109,0,3
